INSERT INTO location VALUES (1,'Birmingham');

INSERT INTO festival(id, year, title, activities, location_id) VALUES (1,2010,'The one where they were in Birmingham','Fab n Fresh and Dan Ciderhands', 1);

INSERT INTO attendee(id, first_name, last_name) VALUES (1, 'Dan', 'Kloss');
INSERT INTO attendee(id, first_name, last_name) VALUES (2, 'Georgina', 'Clarke');
INSERT INTO attendee(id, first_name, last_name) VALUES (3, 'Jack', 'Jackson');
INSERT INTO attendee(id, first_name, last_name) VALUES (4, 'Rob', 'Slade');
INSERT INTO attendee(id, first_name, last_name) VALUES (5, 'Mark', 'Bridger');
INSERT INTO attendee(id, first_name, last_name) VALUES (6, 'David', 'Gluckstien');
INSERT INTO attendee(id, first_name, last_name) VALUES (7, 'Charlie', 'Broadbent');
INSERT INTO attendee(id, first_name, last_name) VALUES (8, 'Matt', 'Hurst');

INSERT INTO festival_attendee VALUES (1, 1);
INSERT INTO festival_attendee VALUES (1, 2);
INSERT INTO festival_attendee VALUES (1, 3);
INSERT INTO festival_attendee VALUES (1, 4);
INSERT INTO festival_attendee VALUES (1, 5);
INSERT INTO festival_attendee VALUES (1, 6);
INSERT INTO festival_attendee VALUES (1, 7);
INSERT INTO festival_attendee VALUES (1, 8);

INSERT INTO location VALUES (2,'Courchevel');

INSERT INTO festival(id, year, title, activities, location_id) VALUES (2,2011,'The one where they went back to Courchevel','Skiing', 2);

INSERT INTO attendee(id, first_name, last_name) VALUES (9, 'Jonny', 'Dauncey');
INSERT INTO attendee(id, first_name, last_name) VALUES (10, 'Kate', 'Dauncey');
INSERT INTO attendee(id, first_name, last_name) VALUES (13, 'Joe', 'Walker');

INSERT INTO festival_attendee VALUES (2, 1);
INSERT INTO festival_attendee VALUES (2, 2);
INSERT INTO festival_attendee VALUES (2, 5);
INSERT INTO festival_attendee VALUES (2, 9);
INSERT INTO festival_attendee VALUES (2, 10);
INSERT INTO festival_attendee VALUES (2, 13);

INSERT INTO location VALUES (3,'Arabba');

INSERT INTO festival(id, year, title, activities, location_id) VALUES (3,2012,'The one where they were in Arabba','Skiing', 3);

INSERT INTO attendee(id, first_name, last_name) VALUES (20, 'Jack', 'Potter');
INSERT INTO attendee(id, first_name, last_name) VALUES (21, 'Sophia', 'Potter');
INSERT INTO attendee(id, first_name, last_name) VALUES (22, 'Laura', 'White');
INSERT INTO attendee(id, first_name, last_name) VALUES (23, 'Phoebe', 'Rusguard');
INSERT INTO attendee(id, first_name, last_name) VALUES (24, 'Julia', 'Mitchell');
INSERT INTO attendee(id, first_name, last_name) VALUES (25, 'Rob', 'Blackman');

INSERT INTO festival_attendee VALUES (3, 1);
INSERT INTO festival_attendee VALUES (3, 2);
INSERT INTO festival_attendee VALUES (3, 20);
INSERT INTO festival_attendee VALUES (3, 21);
INSERT INTO festival_attendee VALUES (3, 22);
INSERT INTO festival_attendee VALUES (3, 23);
INSERT INTO festival_attendee VALUES (3, 24);
INSERT INTO festival_attendee VALUES (3, 25);

INSERT INTO location VALUES (4,'London');

INSERT INTO festival(id, year, title, activities, location_id) VALUES (4,2013,'The one where Mark Mooned the Cab Driver','Bavarian Beer House', 4);

INSERT INTO attendee(id, first_name, last_name) VALUES (32, 'Nom', 'Bridger');

INSERT INTO festival_attendee VALUES (4, 1);
INSERT INTO festival_attendee VALUES (4, 2);
INSERT INTO festival_attendee VALUES (4, 9);
INSERT INTO festival_attendee VALUES (4, 10);
INSERT INTO festival_attendee VALUES (4, 5);
INSERT INTO festival_attendee VALUES (4, 32);

INSERT INTO festival(id, year, title, activities, location_id) VALUES (5,2014,'The one where Nom Encouraged Georgie to TC on the Table','Board game cafe, escape room, turkish meal and pub', 4);

INSERT INTO attendee(id, first_name, last_name) VALUES (33, 'Steve', 'Kloss');
INSERT INTO attendee(id, first_name, last_name) VALUES (34, 'James', 'Kloss');
INSERT INTO attendee(id, first_name, last_name) VALUES (35, 'Adam', 'Stokes');

INSERT INTO festival_attendee VALUES (5, 1);
INSERT INTO festival_attendee VALUES (5, 2);
INSERT INTO festival_attendee VALUES (5, 3);
INSERT INTO festival_attendee VALUES (5, 33);
INSERT INTO festival_attendee VALUES (5, 34);
INSERT INTO festival_attendee VALUES (5, 35);
INSERT INTO festival_attendee VALUES (5, 8);
INSERT INTO festival_attendee VALUES (5, 5);
INSERT INTO festival_attendee VALUES (5, 9);
INSERT INTO festival_attendee VALUES (5, 10);
INSERT INTO festival_attendee VALUES (5, 32);
INSERT INTO festival_attendee VALUES (5, 6);

INSERT INTO festival(id, year, title, activities, location_id) VALUES (6,2015,'The one with the new Star Wars Film','Star Wars: The Force Awakens, pizza meal and pub', 4);

INSERT INTO attendee(id, first_name, last_name) VALUES (36, 'Ben', 'Tolputt');

INSERT INTO festival_attendee VALUES (6, 1);
INSERT INTO festival_attendee VALUES (6, 2);
INSERT INTO festival_attendee VALUES (6, 9);
INSERT INTO festival_attendee VALUES (6, 10);
INSERT INTO festival_attendee VALUES (6, 5);
INSERT INTO festival_attendee VALUES (6, 36);
INSERT INTO festival_attendee VALUES (6, 34);
INSERT INTO festival_attendee VALUES (6, 6);

INSERT INTO festival(id, year, title, activities, location_id) VALUES (7,2016,'The one where Dan threw up a lot','Bavarian Beer House', 4);

INSERT INTO attendee(id, first_name, last_name) VALUES (37, 'Tasha', 'Howourth-Brett');
INSERT INTO attendee(id, first_name, last_name) VALUES (38, 'Tom', 'Howourth-Brett');
INSERT INTO attendee(id, first_name, last_name) VALUES (39, 'Nat', 'Brown');
INSERT INTO attendee(id, first_name, last_name) VALUES (40, 'Dom', 'Brown');
INSERT INTO attendee(id, first_name, last_name) VALUES (41, 'Thomas', 'Hacker');
INSERT INTO attendee(id, first_name, last_name) VALUES (42, 'Nat', 'Hacker');
INSERT INTO attendee(id, first_name, last_name) VALUES (43, 'Kelly', 'Allum');

INSERT INTO festival_attendee VALUES (7, 1);
INSERT INTO festival_attendee VALUES (7, 2);
INSERT INTO festival_attendee VALUES (7, 5);
INSERT INTO festival_attendee VALUES (7, 32);
INSERT INTO festival_attendee VALUES (7, 37);
INSERT INTO festival_attendee VALUES (7, 38);
INSERT INTO festival_attendee VALUES (7, 39);
INSERT INTO festival_attendee VALUES (7, 40);
INSERT INTO festival_attendee VALUES (7, 41);
INSERT INTO festival_attendee VALUES (7, 42);
INSERT INTO festival_attendee VALUES (7, 34);
INSERT INTO festival_attendee VALUES (7, 6);
INSERT INTO festival_attendee VALUES (7, 3);
INSERT INTO festival_attendee VALUES (7, 8);

INSERT INTO festival(id, year, title, activities, location_id) VALUES (8,2017,'The one where Nom fell asleep on the sofa','Quiz, dinner and games at Dans house', 4);

INSERT INTO festival_attendee VALUES (8, 1);
INSERT INTO festival_attendee VALUES (8, 2);
INSERT INTO festival_attendee VALUES (8, 5);
INSERT INTO festival_attendee VALUES (8, 32);
INSERT INTO festival_attendee VALUES (8, 8);
INSERT INTO festival_attendee VALUES (8, 13);
INSERT INTO festival_attendee VALUES (8, 37);
INSERT INTO festival_attendee VALUES (8, 38);
INSERT INTO festival_attendee VALUES (8, 39);
INSERT INTO festival_attendee VALUES (8, 41);
INSERT INTO festival_attendee VALUES (8, 42);
INSERT INTO festival_attendee VALUES (8, 40);

INSERT INTO festival(id, year, title, activities, location_id) VALUES (9,2018,'The one where they Played Darts','Pub dinner, quiz by Nom and Flight Club', 4);

INSERT INTO attendee(id, first_name, last_name) VALUES (44, 'Charlotte', 'Smith');

INSERT INTO festival_attendee VALUES (9, 1);
INSERT INTO festival_attendee VALUES (9, 2);
INSERT INTO festival_attendee VALUES (9, 32);
INSERT INTO festival_attendee VALUES (9, 5);
INSERT INTO festival_attendee VALUES (9, 37);
INSERT INTO festival_attendee VALUES (9, 38);
INSERT INTO festival_attendee VALUES (9, 3);
INSERT INTO festival_attendee VALUES (9, 41);
INSERT INTO festival_attendee VALUES (9, 42);
INSERT INTO festival_attendee VALUES (9, 44);
INSERT INTO festival_attendee VALUES (9, 34);

INSERT INTO festival(id, year, title, activities, location_id) VALUES (10,2019,'The one with the Inner Sanctum','Pizza and games at Dans house', 4);

INSERT INTO festival_attendee VALUES (10, 1);
INSERT INTO festival_attendee VALUES (10, 2);
INSERT INTO festival_attendee VALUES (10, 37);
INSERT INTO festival_attendee VALUES (10, 38);
INSERT INTO festival_attendee VALUES (10, 41);
INSERT INTO festival_attendee VALUES (10, 42);

INSERT INTO festival(id, year, title, activities, location_id) VALUES (11,2020,'The one that was virtual','Virtual games: Only Connect, Jackbox and Amoung Us', 4);

INSERT INTO festival_attendee VALUES (11, 1);
INSERT INTO festival_attendee VALUES (11, 2);
INSERT INTO festival_attendee VALUES (11, 37);
INSERT INTO festival_attendee VALUES (11, 38);
INSERT INTO festival_attendee VALUES (11, 41);
INSERT INTO festival_attendee VALUES (11, 42);
INSERT INTO festival_attendee VALUES (11, 3);
INSERT INTO festival_attendee VALUES (11, 44);
INSERT INTO festival_attendee VALUES (11, 34);
INSERT INTO festival_attendee VALUES (11, 5);
INSERT INTO festival_attendee VALUES (11, 32);

INSERT INTO festival(id, year, title, activities, location_id) VALUES (12,2021,'The one that was Virtual Reality','Navrtar Virtual Reality and pizza at Dans house', 4);

INSERT INTO attendee(id, first_name, last_name) VALUES (45, 'Rachel', 'Humpreys');

INSERT INTO festival_attendee VALUES (12, 1);
INSERT INTO festival_attendee VALUES (12, 2);
INSERT INTO festival_attendee VALUES (12, 33);
INSERT INTO festival_attendee VALUES (12, 34);
INSERT INTO festival_attendee VALUES (12, 41);
INSERT INTO festival_attendee VALUES (12, 42);
INSERT INTO festival_attendee VALUES (12, 45);